slug,title,alt_names,simple_icons_slug,batch
1984,1984 Hosting,,,01
1x_bet,1xBet,,,01
23andme,23andme,,,01
3commas,3Commas,,,01
aadhaar,Aadhaar,uidai; UIDAI; Unique Identification Authority of India,,01
accountable,Accountable,,,01
accredible,Accredible,Accredible Certificates; Accredible Badges; Digital Credentials; certificates.zaka.ai,,01
adnymics,adnymics,,,01
adobe,Adobe,,,01
aero_zip,aero.zip,,,01
affiliprint,Affiliprint,,,01
ahrefs,Ahrefs,,,01
airtm,airtm,,,01
airvpn,AirVPN,,,01
aj_bell,AJ Bell,,,01
aliyun,aliyun,阿里云,,01
amazon,Amazon,,,01
amica,Amica,,,01
amtrak,Amtrak,,,01
ancestry,Ancestry,,,01
animal_crossing,Animal Crossing,AnimalCrossing; Bell Tree Forums; BellTree Forums,,01
ankama,Ankama,,,01
ankara_university,Ankara University,Ankara Üniversitesi,,01
anycoindirect,Anycoin Direct,,,01
ar24,AR24,Docaposte AR24,,01
art_fight,Art Fight,ArtFight,,01
aruba,Aruba,,,01
ascendex,AscendEX,,,01
aternos,Aternos,,,01
autenti,Autenti,,,01
availity,availity,,,02
avenue,Avenue,avenue.us; Avenue Securities,,02
avistaz,AvistaZ.to,,,02
azurhosts,AzurHosts,minenode,,02
azurware,AzurWare,,,02
badlion,Badlion,Badlion Client; BadlionClient,,02
baidu_cloud,BaiduCloud,百度云; baiduyun,,02
bamboohr,BambooHR,BambooHR,,02
band,Band,,,02
basebuilder,Basebuilder,,,02
beefree,Beefree,,,02
belo,Belo,,,02
bestbuy,Best Buy,BestBuy; bestbuy.com,,02
bethesda,Bethesda,Bethesda Softworks,,02
binance_tr,Binance TR,,,02
binance_us,BinanceUS,Binance US,,02
binghamton_university,Binghamton University,Binghamton; Binghamton Univ; Binghamton University SSO; BingOTP,,02
bingx,BingX,,,02
bitazza,Bitazza,,,02
bitbuy,Bitbuy,,,02
bitfinex,Bitfinex,,,02
bitget,bitget,,,02
bitget_wallet,bitget wallet,,,02
bitkub,Bitkub,,,02
bitmart,Bitmart,,,02
bitmex,BitMEX,,,02
bitoasis,BitOasis,,,02
bitskins,BitSkins,,,02
bitstamp,Bitstamp,,,02
bitvavo,Bitvavo,,,02
biznet,Biznet,BiznetGio,,03
bjshare,BJ-Share,,,03
bloom_host,Bloom Host,Bloom Host Billing,,03
bonify,bonify,bonify.de,,03
borg_base,BorgBase,borg,,03
borrowell,Borrowell,,,03
btcturk,btcturk,,,03
buenbit,Buenbit,,,03
bugzilla,Bugzilla,,,03
bundesagentur_fur_arbeit,Bundesagentur für Arbeit,Agentur für Arbeit,,03
butterflymx,ButterflyMX,,,03
buyucoin,BuyUcoin,buyucoin.com,,03
bybit,Bybit,,,03
caixa,Caixa,,,03
caltrain,Caltrain,,,03
canada_flag,Government of Canada,CRA; CRA/ARC; Canada Revenue Agency,,03
canada_life,Canada Life,,,03
canva,Canva,,,03
capacities,Capacities,,,03
capcom,Capcom,"Capcom Co., Ltd.; CAPCOM ID",,03
carta,Carta,Carta.com,,03
catrealm,CatRealm,,,03
cern,CERN,,,03
changenow,ChangeNOW,,,03
charles_schwab,Charles Schwab,schwab; charles-schwab; charles schwab,,03
chaturbate,Chaturbate,Chaturbate.com,,03
chexy,Chexy,,,03
chucklefish,Chucklefish,,,03
cih,Channel Island Hosting,,,03
cinemaz,CinemaZ.to,,,03
clickdoc,Clickdoc,,,04
clippercard,Clipper,ClipperCard; clipper-card; Clipper Card,,04
cloudamqp,CloudAMQP,,,04
cloudns,ClouDNS,,,04
cocos_capital,Cocos Capital,cocos crypto,,04
coincheck,Coincheck,コインチェック,,04
coindcx,CoinDCX,,,04
coinspot,CoinSpot,,,04
cointracking,CoinTracking,cointracking.info; Coin Tracking,,04
colorado,colorado,Colorado.gov; Colorado Gov; Colorado Government; Colorado Government Portal; Colorado COVES Death Certificates; Colorado COVES; Colorado Official State Web Portal; Colorado State Web Portal; Colorado State Portal; Colorado Web Portal; Colorado Portal; Colorado State; Colorado PEAK; myColorado,,04
computershare,Computershare,,,04
configcat,ConfigCat,,,04
controld,Control D,,,04
cove,Cove Backup,,,04
cowheels,Co-Wheels,,,04
creately,Creately,,,04
cronometer,Cronometer,,,04
crowdpear,Crowdpear,,,04
crowdsec,CrowdSec,,,04
crowdstrike,Crowdstrike,,,04
cryptee,Cryptee,,,04
crypto,Crypto.com,crypto; Crypto com,,04
csam,CSAM,,,04
csfloat,CSFloat,,,04
csgoroll,CSGORoll,,,04
cssbuy,CSSBuy,CSS Buy; CSS-Buy; cssbuy.com,,04
cults,Cults,,,04
cwallet,Cwallet,cwallet; c-wallet; c wallet; cwallet.com,,04
daisycon,Daisycon,,,04
dcs,DCS,Digital Combat Simulator,,04
deel,Deel,deel.com; app.deel.com,,05
degiro,DEGIRO,,,05
deloitte,Deloitte,,,05
deriv,deriv,,,05
desec_io,desec.io,desec; deSEC; deSEC.io,,05
digifinex,DigiFinex,Digi Finex; Digifinex.com,,05
directadmin,DirectAdmin,,,05
dlsite,DLsite,,,05
dmarket,DMarket,,,05
dockhand,Dockhand,dockhand.pro,,05
docuseal,DocuSeal,,,05
docusign,DocuSign,DocuSign; DocuSign (NA1); DocuSign (NA2); DocuSign (NA3); DocuSign (NA4); DocuSign (EU); DocuSign (AU); DocuSign (CA); DocuSign (JP1),,05
dominos,Dominos,Domino's; Domino's Pizza,,05
donanimhaber,DonanımHaber,Donanım Haber; Donanim Haber,,05
doppler,Doppler,,,05
dreamhost_panel,DreamHost Panel,,,05
dunkindonuts,Dunkin' Donuts,Dunkin'; Dunkin; Dunkin Donuts,,05
dupe,Dupe,,,05
dusnet,dus.net,,,05
e621,e621,,,05
ecitizen_kenya,ecitizen kenya,,,05
eclinicalworks,eClinicalWorks,,,05
ecloud,ecloud,Murena,,05
ecobee,Ecobee,,,05
electrum,Electrum,,,05
emeritihealth,emeritihealth,Emeriti Health; Emeriti Retirement Health,,05
eneba,eneba,,,05
enom,enom,,,05
eset,ESET,ESET Home; ESET Protect; ESET Small Business Security; ESET Home Security,,05
esketit,Esketit,,,05
estateguru,Estateguru,,,06
eve_online,EVEOnline,EVE Online,,06
exaroton,exaroton,Exaroton,,06
exoticaz,ExoticaZ.to,,,06
experian,Experian,,,06
fanatical,Fanatical,FANATICAL,,06
fansly,Fansly,,,06
fastmail,Fastmail,,,06
federal_student_aid,Federal Student Aid,FSA; FAFSA,,06
fetlife,FetLife,,,06
fidelity,Fidelity,Fidelity Investments,,06
filecloud,FileCloud,,,06
finanzfluss,Finanzfluss,,,06
finary,Finary,,,06
fiwind,Fiwind,,,06
floxar,Floxar,,,06
fortrabbit,fortrabbit,,,06
forusall,ForUsAll,,,06
forwardemail,Forward Email,,,06
freetaxusa,FreeTaxUSA,,,06
fzj,FZJ,Forschungszentrum Jülich; FZJ IdP; iffLogin,,06
gandi_net,Gandi.net,gandi.net,,06
garena,Garena,,,06
gateio,Gate.com,Gate.io; gate.io,,06
gatewaysentry,Gateway Sentry,,,06
gerid,GERID,,,06
gommehd,GommeHD.net,GommeHD; GommeHDnet,,06
gosuslugi,Gosuslugi,Госуслуги,,06
gov_uk,GOV.UK,Government Gateway,,06
greenmangaming,Green Man Gaming,green man gaming; gmg,,06
guideline,Guideline,,,07
gunslol,guns.lol,,,07
habbo,Habbo,,,07
halo,HaloPSA,,,07
healthchecks,Healthchecks.io,,,07
hivelocity,Hivelocity,,,07
hornbach,Hornbach,,,07
hover,Hover,,,07
hrdocumentbox,HRDocumentBox,HRDocumentBox; HR Document Box,,07
hsa_bank,HSA Bank,hsa bank; hsabank,,07
htx,HTX,,,07
hulu,Hulu,,,07
hytale,Hytale,,,07
ibkr,IBKR,Interactive Brokers; IB,,07
ibm,IBM,International Business Machines; IBMid,,07
ice_drive,IceDrive,,,07
iconomi,ICONOMI,,,07
id_me,ID.me,,,07
idrive,IDrive,,,07
immo_scout_24,ImmoScout24,ImmobilienScout24,,07
incogni,Incogni,incogni.com,,07
ing,ING,,,07
instant_gaming,Instant Gaming,,,07
inwx,INWX,,,07
ipqualityscore,IPQualityScore,IPQS,,07
irctc,IRCTC,Indian Railway Catering and Tourism Corporation; Indian Railways,,07
itch_io,Itch,,,07
ivpn,IVPN,,,07
jagex,Jagex,,,07
jetbrainsyoutrack,JetBrains YouTrack,YouTrack,,07
jianguoyun,jianguoyun,坚果云,,08
jottacloud,Jottacloud,,,08
jotty,Jotty Page,Jotty,,08
joyclub,JOYclub,JOYCE,,08
jumpcloud,JumpCloud,,,08
kayak,Kayak,,,08
keygen,Keygen,keygen.sh,,08
kite,Kite,,,08
knownhost,KnownHost,Known Host; KnownHost.com,,08
koofr,Koofr,,,08
kotas,Kotas,,,08
kpn,KPN,,,08
kraken,Kraken,,,08
kronos,Kronos,,,08
labymod,LabyMod,,,08
laneros,Laneros,laneros.com,,08
laposte,La Poste,,,08
lark,Lark,飞书,,08
launchdarkly,LaunchDarkly,,,08
leibnizipht,Leibniz Institute of Photonic Technology,,,08
lifemiles,LifeMiles,Life Miles; lifemiles.com; Avianca LifeMiles,,08
lightyear,Lightyear,Lightyear Investing; Lightyear: Invest in stocks; Lightyear: Stocks and ETFs,,08
lincolnfinancial,lincolnfinancial,Lincoln Financial; Lincoln Financial Group; LFG,,08
linehub,Linehub,,,08
linkedin,LinkedIn,,,08
linus_tech_tips,Linus Tech Tips,LTT; Linus Tech Tips Forums; LTT Forums,,08
linux_do,Linux.Do,LINUX DO; LinxDo,,08
login_gov,Login.gov,,,08
luma,Luma,luma; lu.ma,,08
luno,Luno,,,08
macrumors,MacRumors,MacRumors Forums,,09
mailcow,MailCow,mailcow; mailcow UI,,09
managemyhealth,Manage My Health,managemyhealth; Manage My Health NZ,,09
mangadex,MangaDex,,,09
marketplacedottf,Marketplace.tf,,,09
matlab,matlab,mathworks,,09
maxon,Maxon,,,09
mbin,Mbin,kbin; thebrainbin; gehirneimer,,09
medeo,Medeo,,,09
meesman,Meesman Indexbeleggen,,,09
mein_grundeinkommen,Mein Grundeinkommen,,,09
memed,Memed,,,09
mercado_libre,Mercado Libre,Mercado Libre; MercadoLibre; MercadoLivre,,09
mexc,MEXC,,,09
mfc,MyFigureCollection,MyFigureCollection.net; MFC,,09
microsoft,microsoft,,,09
microsoft365,Microsoft 365,,,09
migros,Migros,,,09
mintmobile,Mint Mobile,MintMobile,,09
mintos,Mintos,,,09
mobile01,Mobile01,M01,,09
myfritz,MyFRITZ!Net,MyFRITZ!; FritzBox; Fritz!Box; FritzBox 7590; FritzBox 7590 AX; FritzBox 7530; FritzBox 7530 AX; FritzBox 4040; FritzBox 4060; FritzBox 5530 Fiber; FritzBox 6490 Cable; FritzBox 6590 Cable; FritzBox 6591 Cable; FritzBox 6660 Cable; FritzBox 6820 LTE; FritzBox 6850 LTE; FritzBox 6850 5G; FritzBox 6890 LTE; FritzBox 7583; FritzBox 7520; FritzBox 7490; FritzBox 7583,,09
myheritage,MyHeritage,MyHeritage,,09
myhsa,myHSA,myHSA,,09
name_com,Name.com,,,09
nasdaq,nasdaq,,,09
nekohosting,NekoHosting,NekoHosting Billing; NekoHosting Dashboard,,09
nekohosting_gp,NekoHosting Gaming Panel,NekoHosting Game Panel; NekoHosting GamePanel,,09
nelnet,Nelnet,,,09
netbird,NetBird,,,09
netease_mail,NeteaseMail,网易邮箱; Mail.163,,10
newton,Newton,Newton Crypto,,10
nexo,NEXO,,,10
nintendo,Nintendo,任天堂; Nintendo Account,,10
njalla,Njalla,,,10
njtransit,NJTransit,NJ Transit,,10
noip,NoIp,No IP; No-IP; noip.com,,10
northc,NorthC,,,10
nucommunity,NuCommunity,,,10
numberbarn,NumberBarn,,,10
numerai,numerai,,,10
ocensa,OCENSA,,,10
oneroxe,ONEROXE,Arcle,,10
onidel,Onidel,,,10
online_payment_platform,Online Payment Platform,OPP,,10
onshape,OnShape,,,10
open_observe,OpenObserve,openobserve.ai; openobserve ai,,10
oracle_cloud,Oracle Cloud,,,10
palform,Palform,,,10
pandadoc,PandaDoc,PandaDoc,,10
parallels,Parallels,Parallels Desktop; Parallels VM,,10
parceldealz,ParcelDealz,,,10
parqet,Parqet,,,10
parsec,Parsec,,,10
patchmon,Patchmon,,,10
patient_access,Patient Access,,,10
payworks,Payworks,,,10
pbtech,PBTech,,,10
pcloud,pCloud,,,10
pcpartpicker,PCPartPicker,PC Part Picker,,10
pebble_host,PebbleHost,Pebble Host,,11
peerberry,Peerberry,,,11
peking_university,Peking University,北京大学; PKU; Peking Univ,,11
penfed,PenFed,,,11
perkbox,Perkbox,,,11
pingvinshare,Pingvin Share,,,11
pionex,Pionex,,,11
plus_crypto,Plus Crypto,,,11
plutus,Plutus,,,11
poloniex,Poloniex,,,11
postmarkapp,Postmark,postmarkapp,,11
postnl,PostNL,,,11
postscanmail,PostScan Mail,Post Scan Mail; PostScanMail,,11
prey_project,Prey Project,PreyProject,,11
privacy,Privacy.com,,,11
privacyguides,Privacy Guides,,,11
privatehd,PrivateHD.to,,,11
proton_pass,Proton Pass,,,11
proton_wallet,Proton Wallet,,,11
psnprofiles,PSNProfiles,,,11
pufferfish_host,Pufferfish Host,,,11
pushover,Pushover,,,11
qiniuyun,qiniuyun,七牛云; qiniu,,11
questrade,Questrade,,,11
r10,R10.net,R10; r10.net,,11
racket_coach,Racket Coach,racketcoach; racketcoach.app,,11
racknerd,RackNerd,,,11
raider_io,RaiderIO,raider.io,,11
raindrop_io,Raindrop.io,Raindrop,,11
randstad,randstad,,,11
real_debrid,Real-Debrid,,,12
realme,RealMe,,,12
realvnc,RealVNC,,,12
recruit,Recruit,リクルート; リクルートID; recruit id; recruit holdings; rgf,,12
redflagdeals,RedFlagDeals,,,12
redotpay,RedotPay,redotpay; redot pay; redot-pay; redotpay.com,,12
registro_br,Registro br,registrobr; Registro.br,,12
remarkable,reMarkable,,,12
remote,Remote HR,Remote; remote.com; employ.remote.com,,12
reolink,Reolink,,,12
restream,Restream,restream.io,,12
ripio,Ripio,,,12
ripplematch,RippleMatch,,,12
rose_hulman,Rose-Hulman Institute of Technology,rose-hulman; Rose-Hulman; Rose Hulman; Rose Hulman Institute of Technology; RHIT,,12
runemate,RuneMate,,,12
runescape_wiki,RuneScape Wiki,,,12
rust_language_forum,Rust Language Forum,,,12
sbi,SBI,onlinesbi; State Bank of India,,12
scoutingnederland,Scouting Nederland,,,12
securo,Securo Finance,Securo,,12
sei,SEI,sei; sei!; SEI!; Sistema Eletrônico de Informações; SEI/SEDE,,12
sendgrid,Sendgrid,,,12
servicebw,service-bw,,,12
shakepay,Shakepay,,,12
sherweb,Sherweb,,,12
simplicity,Simplicity,simplicitynz; simplicity.kiwi,,12
sipgate,Sipgate,,,12
skiff,Skiff,,,12
skinport,Skinport,,,12
skroutz,Skroutz,Skroutz.gr,,12
skyscanner,Skyscanner,,,13
smogon,Smogon,Smogon University,,13
smouter,Smouter,,,13
sms_pool_net,SMSPool,smspool.net; smspool net,,13
smsfast,SMSFAST,SMSFAST,,13
smtp2go,SMTP2GO,,,13
spacehey,SpaceHey,,,13
standardnotes,Standard Notes,,,13
starbreeze,Starbreeze,Starbreeze Nebula; Starbreeze Account; PAYDAY; PAYDAY 3,,13
startmail,Startmail,,,13
state_farm,State Farm,StateFarm,,13
stoat,Stoat,stoat.chat,,13
strato,STRATO,,,13
stripchat,Stripchat,Strip Chat; stripchat.com; StripChat Live,,13
synology_dsm,Synology DSM,,,13
tableau,Tableau,,,13
tally_so,Tally.so,Tally Forms; Tally,,13
tcpshield,TCPShield,,,13
tebex,Tebex,tebex; tebex.io; buycraft,,13
techlore,Techlore,Techlore Courses; Techlore Forums,,13
teleport,Teleport,Gravitational Teleport; GoTeleport,,13
temu,Temu,,,13
tencent_cloud,tencent cloud,腾讯云; tencentcloud,,13
terabit,Terabit,Terabit Hosting; terabit.io,,13
tetrio,TETR.IO,tetrio; tetr.io,,13
threatlocker,ThreatLocker,"ThreatLocker,Inc",,13
tianyiyun,tianyiyun,天翼云,,13
titan,Titan,,,13
tokopedia,Tokopedia,Tokped,,13
torbox,TorBox,,,13
torguard,TorGuard,,,14
toshl_finance,Toshl Finance,Toshl,,14
toyhouse,Toyhouse,Toyhou.se,,14
trade_republic,Trade Republic,,,14
trading212,Trading 212,,,14
transip,TransIP,,,14
troweprice,TRowePrice,"T Rowe Price; TRowe Price; T Rowe Price Group; T Rowe Price Group, Inc",,14
truth_social,Truth Social,truthsocial.com,,14
tu_dresden,TU Dresden,Technische Universität Dresden; Dresden University of Technology,,14
tunnelbear,TunnelBear,TunnelBear,,14
tweakers,Tweakers,,,14
twingate,Twingate,,,14
ubuntu_one,Ubuntu One,,,14
ucf,UCF,,,14
unitedhealthgroup,unitedhealthgroup,Unitedhealth Group; United Healthgroup; UHG; uhg.com; unitedhealthgroup.com,,14
uoa,University of Auckland,,,14
uollet,uollet,UOLLET; uollet.com.br,,14
upstox,Upstox,,,14
us_army,US Army,,,14
us_mobile,US Mobile,,,14
uscis,uscis,USCIS; myuscis; uscis.gov,,14
uu,UU,Utrecht University; Universiteit Utrecht; uu,,14
venice_ai,Venice AI,Venice.ai,,14
vgen,VGen,vgen.co,,14
vgn,VGN,Ver­kehrs­ver­bund Groß­raum Nürn­berg,,14
vhv,VHV,VHV; VHV Versicherung,,14
via_rail,Via Rail,Via; VIA Rail; Via Rail Canada,,14
volcengine,volcengine,火山引擎,,14
wargamingnet,WARGAMING.NET,,,14
warner_bros,Warner Bros.,Warner Brothers; WB Games Account,,14
wave_financial,Wave Financial,my.waveapps.com,,15
wca,World Cube Association,WCA; worldcubeassociation,,15
wealthfront,Wealthfront,,,15
wealthify,Wealthify,,,15
wealthsimple,Wealthsimple,,,15
wemod,WeMod,wemod,,15
whmcs,WHMCS,,,15
wick,Wick,,,15
wikimedia,Wikimedia,,,15
windscribe,Windscribe,,,15
withings,Withings,,,15
wmata,WMATA,Washington Metro; DC Metro; Washington Metropolitan Area Transit Authority,,15
wolvesville,Wolvesville,,,15
wordfence,Wordfence,,,15
workflowy,Workflowy,,,15
workos,WorkOS,Work OS,,15
xai,xAI,,,15
xbox,Xbox,,,15
xvideos,XVideos,X Videos; xvideos.com,,15
yahoo,Yahoo,,,15
yandex,Yandex,Ya; Яндекс,,15
ynab,YNAB,You Need A Budget,,15
yoti,Yoti,Yoti Hub; Yoti Portal; hub.yoti.com; identity.yoti.com,,15
zabbix,Zabbix,,,15
zitadel,Zitadel,,,15
zivver,Zivver,,,15
zoom_platform,ZOOM Platform,,,15
zyxelnebula,Zyxel Nebula,,,15
abb,ABB,,abb,15
addy_io,Addy.io,,addydotio,15
airtable,Airtable,,airtable,16
allegro,Allegro,,allegro,16
authentik,authentik,goauthentik,authentik,16
battlenet,Battle.net,Battle net; Blizzard,battledotnet,16
binance_exchange,Binance,币安,binance,16
bitwarden,Bitwarden,,bitwarden,16
blockchain,Blockchain,blockchain.com; blockchain.com Wallet; blockchain.com Exchange,blockchaindotcom,16
blue_sky,Bluesky,,bluesky,16
booking,Booking,Booking.com,bookingdotcom,16
brave_creators,Brave Creators,Brave; Brave Rewards; Brave Browser,brave,16
cloudflare,Cloudflare,,cloudflare,16
coinbase,Coinbase,,coinbase,16
coinmarketcap,CoinMarketCap,,coinmarketcap,16
coolify,Coolify,,coolify,16
deepseek,DeepSeek,,deepseek,16
deutschepost,Deutsche Post,,deutschepost,16
discourse,Discourse,,discourse,16
docker,Docker,Docker Hub; hub.docker.com,docker,16
dropbox,Dropbox,,dropbox,16
ebay,eBay,,ebay,16
electronic_arts,Electronic Arts,EA,ea,16
ente,ente,,ente,16
epic_games,Epic Games,,epicgames,16
esl,ESL,ESL Gaming,eslgaming,16
filen,Filen,,filen,16
firefoxbrowser,Firefox,Firefox Browser,firefox,16
fluxer,Fluxer,,fluxer,16
g2a,G2A,,g2a,16
github,GitHub,,github,16
gitlab,GitLab,,gitlab,16
gmx,GMX,,gmx,17
godaddy,GoDaddy,GoDaddy,godaddy,17
google,Google,,google,17
gusto,Gusto,,gusto,17
huggingface,HuggingFace,Hugging Face,huggingface,17
infomaniak,Infomaniak,,infomaniak,17
instagram,Instagram,,instagram,17
isc2,ISC2,,isc2,17
jetbrains,JetBrains,JetBrains Account,jetbrains,17
kagi,Kagi,,kagi,17
kick,Kick,,kick,17
kiwix,Kiwix,kiwix.org; get.kiwix.org; pro.kiwix.org; hub.kiwix.org,kiwix,17
ko_fi,Ko-fi,Ko fi; Kofi,kofi,17
kucoin,KuCoin,,kucoin,17
letterboxd,Letterboxd,,letterboxd,17
local_wp,Local,LocalWP; Local WP; Local Wordpress,local,17
mastodon,Mastodon,mstdn; fediscience; mathstodon; fosstodon,mastodon,17
mistral,Mistral,Le Chat; Mistral AI; MistralAI,mistralai,17
mozilla,Mozilla,Mozilla Account,mozilla,17
netim,Netim,,netim,17
newgrounds,Newgrounds,,newgrounds,17
nextcloud,Nextcloud,,nextcloud,17
nextdns,NextDNS,,nextdns,17
ngrok,ngrok,,ngrok,17
nordaccount,nordvpn,Nord Account,nordvpn,17
norton,Norton,NortonLifeLock; Norton 360,norton,17
notesnook,Notesnook,,notesnook,17
notion,Notion,,notion,17
nvidia,NVIDIA,,nvidia,17
odido,Odido,,odido,17
okx,okx,欧易,okx,18
openrouter,OpenRouter,,openrouter,18
opera,Opera,auth.opera.com,opera,18
pangolin,Pangolin,,pangolin,18
paypal,PayPal,,paypal,18
porkbun,Porkbun,,porkbun,18
proton,Proton,,proton,18
proton_calendar,Proton Calendar,,protoncalendar,18
proton_drive,Proton Drive,,protondrive,18
proton_mail,Proton Mail,,protonmail,18
proton_vpn,Proton VPN,,protonvpn,18
proxmox,Proxmox,,proxmox,18
rockstar_games,Rockstar Games,,rockstargames,18
rustdesk,RustDesk,RustDesk Connection,rustdesk,18
samsung,Samsung,Samsung Account,samsung,18
seafile,Seafile,,seafile,18
simplelogin,SimpleLogin,,simplelogin,18
snapchat,Snapchat,,snapchat,18
sony,Sony,,sony,18
square_enix,Square Enix,Square Enix ID,squareenix,18
supercell,Supercell,,supercell,18
surfshark,Surfshark,,surfshark,18
termius,Termius,,termius,18
thestorygraph,The StoryGraph,StoryGraph; TheStoryGraph,thestorygraph,18
tiktok,TikTok,,tiktok,18
tmobile,T-Mobile,T Mobile; T-Mobile ID,deutschetelekom,18
tradingview,TradingView,,tradingview,18
tresorit,Tresorit,,tresorit,18
tuta,Tuta,Tutanota,tuta,18
twitch,Twitch,Twitch.tv; Twitch tv,twitch,18
twitter,Twitter,,x,19
ubiquiti,Ubiquiti,Unifi SSO; Unifi; Ubiquiti SSO,ubiquiti,19
ubisoft,Ubisoft,,ubisoft,19
unity,Unity,,unity,19
uphold,Uphold,,uphold,19
ups,UPS,,ups,19
vikunja,Vikunja,,vikunja,19
web_de,WEB.DE,,webdotde,19
wise,Wise,,wise,19
wyze,WYZE,,wyze,19
zoom,Zoom,,zoom,19
